<?xml version="1.0" encoding="UTF-8" standalone="yes"?>
<post><type type="string">simple</type><title type="string">10 things why we offer unique recruitment services</title><content type="string">&lt;p&gt;Fusce arcu justo, tempus sagittis ipsum ut, finibus iaculis felis. Sed gravida porta metus vitae volutpat. Sed dignissim ex quis lectus malesuada, quis consequat ante feugiat. In et erat quis libero consequat pharetra. Morbi convallis nisl eget eros mollis, id dictum turpis porttitor. In id justo neque. Sed turpis urna, venenatis a augue laoreet, malesuada tempus erat. Praesent egestas consequat metus ac lacinia.&lt;/p&gt;&#13;
&lt;p&gt;&lt;img class="nb-align-center" src="/blog/content/public/upload/img_0_o.jpg" alt="undefined" width="539" height="359" /&gt;&lt;/p&gt;&#13;
&lt;p&gt;Nullam eu ipsum vitae magna blandit ultricies ut at ligula. Vestibulum nulla felis, condimentum ac placerat a, mattis vitae sem. Fusce mi est, pharetra id mi vitae, blandit efficitur augue. Mauris sit amet pharetra odio. Sed porttitor rhoncus odio, quis consectetur orci fringilla eget. Morbi non lacinia sem, ac sollicitudin nisl. Sed tempus augue vel rutrum accumsan. Vestibulum facilisis enim sed orci ornare, elementum ultricies nulla finibus. Integer nec consectetur libero. Suspendisse vitae faucibus libero. Aliquam vulputate ligula eget urna malesuada euismod. Praesent fringilla mauris eget justo pellentesque, vel rutrum nulla convallis. Aliquam erat volutpat. Nulla consectetur dapibus turpis sit amet mattis.&lt;/p&gt;&#13;
&lt;ul&gt;&#13;
&lt;li&gt;first reason&lt;/li&gt;&#13;
&lt;li&gt;second&lt;/li&gt;&#13;
&lt;li&gt;last&lt;/li&gt;&#13;
&lt;/ul&gt;</content><description type="string"></description><allow_comments type="integer">1</allow_comments><pub_date type="integer">1457390765</pub_date><mod_date type="string">1457390955</mod_date><visits type="string">0</visits></post>
