<?xml version="1.0" encoding="UTF-8" standalone="yes"?>
<notifications><notification type="string" category="comment" mail="" ip="4+dNksDVFOxyepTTQo+vTXQlzHvIoCd2NxR9fPSDGM0=" date="1457383082"/><notification type="string" category="session_start" mail="" ip="4+dNksDVFOxyepTTQo+vTXQlzHvIoCd2NxR9fPSDGM0=" date="1457386910"/><notification type="string" category="session_start" mail="" ip="4+dNksDVFOxyepTTQo+vTXQlzHvIoCd2NxR9fPSDGM0=" date="1457389386"/><notification type="string" category="session_start" mail="" ip="4+dNksDVFOxyepTTQo+vTXQlzHvIoCd2NxR9fPSDGM0=" date="1457389408"/><notification type="string" category="session_start" mail="" ip="4+dNksDVFOxyepTTQo+vTXQlzHvIoCd2NxR9fPSDGM0=" date="1457428156"/><notification type="string" category="session_start" mail="" ip="OT1U2APqLF5Hwc5oDxS9tLXNKxVQDJwsuWmrPRBbmKI=" date="1486125357"/><notification type="string" category="session_start" mail="" ip="OT1U2APqLF5Hwc5oDxS9tLXNKxVQDJwsuWmrPRBbmKI=" date="1487181083"></notification></notifications>
